query,country,result_count,top_name,latitude,longitude,source_id,retrieved_at
Madurai,IN,4,Madurai,9.919,78.11953,1264521,2026-10-07T06:47:37.207126+00:00
மதுரை,IN,3,Madurai,9.919,78.11953,1264521,2026-10-07T06:47:37.207126+00:00
Chennai,IN,1,Chennai,13.08784,80.27847,1264527,2026-10-07T06:47:37.207126+00:00
சென்னை,IN,1,Chennai,13.08784,80.27847,1264527,2026-10-07T06:47:37.207126+00:00
Jaipur,IN,2,Jaipur,26.91962,75.78781,1269515,2026-10-07T06:47:37.207126+00:00
Mumbai,IN,3,Mumbai,19.07283,72.88261,1275339,2026-10-07T06:47:37.207126+00:00
Delhi,IN,4,Delhi,28.65195,77.23149,1273294,2026-10-07T06:47:37.207126+00:00
Kochi,IN,2,Kochi,9.93988,76.26022,1273874,2026-10-07T06:47:37.207126+00:00
Varanasi,IN,1,Varanasi,25.31668,83.01041,1253405,2026-10-07T06:47:37.207126+00:00
Leh,IN,4,Leh,34.16504,77.58402,1264976,2026-10-07T06:47:37.207126+00:00
Kodaikanal,IN,1,Kodaikānāl,10.23925,77.48932,1266425,2026-10-07T06:47:37.207126+00:00
Dhanushkodi,IN,0,,,,,2026-10-07T06:47:37.207126+00:00
Paris,FR,10,Paris,48.85341,2.3488,2988507,2026-10-07T06:47:37.207126+00:00
Paris,US,3,Paris,33.66094,-95.55551,4717560,2026-10-07T06:47:37.207126+00:00
London,GB,10,London,51.50853,-0.12574,2643743,2026-10-07T06:47:37.207126+00:00
Tokyo,JP,2,Tokyo,35.6895,139.69171,1850147,2026-10-07T06:47:37.207126+00:00
東京,JP,2,Tokyo,35.6895,139.69171,1850147,2026-10-07T06:47:37.207126+00:00
Osaka,JP,3,Osaka,34.69379,135.50107,1853909,2026-10-07T06:47:37.207126+00:00
Singapore,SG,1,Singapore,1.28967,103.85007,1880252,2026-10-07T06:47:37.207126+00:00
Dubai,AE,9,Dubai,25.07725,55.30927,292223,2026-10-07T06:47:37.207126+00:00
Bangkok,TH,4,Bangkok,13.75398,100.50144,1609350,2026-10-07T06:47:37.207126+00:00
Colombo,LK,1,Colombo,6.93548,79.84868,1248991,2026-10-07T06:47:37.207126+00:00
Kathmandu,NP,1,Kathmandu,27.70169,85.3206,1283240,2026-10-07T06:47:37.207126+00:00
Sydney,AU,2,Sydney,-33.86785,151.20732,2147714,2026-10-07T06:47:37.207126+00:00
Auckland,NZ,1,Auckland,-36.84853,174.76349,2193733,2026-10-07T06:47:37.207126+00:00
New York,US,10,New York City,40.71427,-74.00597,5128581,2026-10-07T06:47:37.207126+00:00
São Paulo,BR,5,São Paulo,-23.5475,-46.63611,3448439,2026-10-07T06:47:37.207126+00:00
القاهرة,EG,3,Cairo,30.06263,31.24967,360630,2026-10-07T06:47:37.207126+00:00
Cape Town,ZA,1,Cape Town,-33.92584,18.42322,3369157,2026-10-07T06:47:37.207126+00:00
Reykjavik,IS,1,Reykjavík,64.13548,-21.89541,3413829,2026-10-07T06:47:37.207126+00:00
